﻿<parameters>
  <parameter name="IIS Web Application Name" defaultValue="SoapServiceLibrary" tags="IisApp">
    <parameterEntry kind="ProviderPath" scope="IisApp" match="^C:\\Users\\khajasha\\Source\\Repos\\ServicesForWebServicesTesting\\SoapServices\\SoapServiceLibrary\\SoapServiceWeb\\obj\\Release\\Package\\PackageTmp$" />
    <parameterEntry kind="ProviderPath" scope="setAcl" match="^C:\\Users\\khajasha\\Source\\Repos\\ServicesForWebServicesTesting\\SoapServices\\SoapServiceLibrary\\SoapServiceWeb\\obj\\Release\\Package\\PackageTmp$" />
  </parameter>
  <parameter name="SoapServiceDbConnection-Web.config Connection String" defaultValue="server=localhost;port=3306;database=DbForWebServiceTesting;uid=root;password=root">
    <parameterEntry kind="XmlFile" scope="C:\\Users\\khajasha\\Source\\Repos\\ServicesForWebServicesTesting\\SoapServices\\SoapServiceLibrary\\SoapServiceWeb\\obj\\Release\\Package\\PackageTmp\\Web\.config$" match="/configuration/connectionStrings/add[@name='SoapServiceDbConnection']/@connectionString" />
  </parameter>
  <parameter name="SoapServiceDbConnection_DatabasePublish-Web.config Connection String" description="SoapServiceDbConnection Connection String used by Entity Framework Code First Model to deploy the database." defaultValue="server=localhost;port=3306;database=DbForWebServiceTesting;uid=root;password=root">
    <parameterEntry kind="XmlFile" scope="C:\\Users\\khajasha\\Source\\Repos\\ServicesForWebServicesTesting\\SoapServices\\SoapServiceLibrary\\SoapServiceWeb\\obj\\Release\\Package\\PackageTmp\\Web\.config$" match="/configuration/connectionStrings/add[@name='SoapServiceDbConnection_DatabasePublish']/@connectionString" />
  </parameter>
</parameters>